context,question,response
"


Individual 401(k) Profit Sharing Plan

Standardized Adoption Agreement

25)PXENES R

E315]

L5B5

Name of Adopting Employer Francis Corp

Address 1234 Burberry St

Texmo

State

TX

56002

Telephone 123 436 7890

Adopting Employer's Federal Tax Identification Number

81-9034329

Adopting Employer's Tax Year End (specify month and day) 02/28

Type of Business (select one)

[NO]

Sole Proprietorship [No]

Partnership [No]

C Corporation [NO]

S Corporation [YEs] LLC [No]

Nonprofit

[NO]

Other (Specify a legal entity recognized under federal income tax laws

Name of Plan Bowling Individual(k) Plan

Plan Sequence Number 001

Trust Identification Number (f applicable) 45-2211445

Account Number 947442216

Related

Employers

If the

Adopting Employer is part of a controlled group of corporations (as defined in Code section 414(b) as modified by Code section

415(h)), a group of commonly controlled trades or businesses (as defined in Code section 414(c) as modified by Code section 415(h)) or an affiliated service

group (as defined in Code section 414(m)) of which the Adopting Employer is a part; or any other entity required to be aggregated with the Adopting Employer

pursuant to Code section 414(0), then all Related Employers of the Adopting Employer will participate in this Plan.

SECT zeestees:: EFFECT'

R2ISTES

3

ete: [4ES1E11E%5

Part A [No]

New Plan Effective Date

This is the initial adoption of a 401(k) profit sharing plan by the Adopting Employer:

The Effective Date of this Plan is

(Must be no earlier than the first day of the Plan Year in which the Plan is adopted)

If different from the Effective Date above, Elective Deferrals can be made under this Plan effective (select one):

Option 1: [No]

The next payroll date coinciding with or following the later of the date this Adoption Agreement is signed or the

Effective Date.

Option 2: [No]

(Must be on or after the later of the date this Adoption Agreement is signed or the Effective Date.

NOTE: If no

is selected, Option

will apply:

NOTE: The Effective Date is usually the first

of the Plan Year in which this Adoption Agreement is signed and may not be earlier than such

date Elective Deferrals, however, cannot be made available before the later of the date this Adoption Agreement is signed or the date specified

above for Elective Deferrals

Part B:

[Yes]

Existing Plan Amendment or Restatement Date

This is an amendment or restatement of an existing qualified plan:

The Initial Plan Document was effective on 10/10/2010

[NO]

This Plan is

a frozen Plan effective on

If this Plan is a frozen Plan; no Employer Contributions may be made to the Plan with respect to Compensation earned on or after the Effective

Date that the Plan is frozen In addition, no additional contributions (e.g- rollover, transfer) may be accepted by the Plan on or after the date that

the Plan is frozen: Depending on the facts and circumstances surrounding the freezing of the Plan, other Plan provisions may be affected

(e.g-, availability of loans)

The Effective Date of this amendment or restatement is 02/03/2020

(Must be no earlier than the first

of the Plan Year in which

the Plan is restated )

NOTE: Specifying an amendment or restatement Effective Date as any

other than the first day of the Plan Year following the Plan Year in which

this Adoption Agreement is signed may result in

reduction or elimination of accrued benefits, violating Code section 411(d)(6). Notwithstanding the

foregoing, Effective Dates for certain legislative and regulatory provisions are governed by the terms specified in the Basic Plan Document

#3101 (Rev: 6/2020)

Page

2020 Ascensus, LLC

City

Zip

option

day =

day -

day",What is the name of the employer?,Francis Corp
"


Individual 401(k) Profit Sharing Plan

Standardized Adoption Agreement

25)PXENES R

E315]

L5B5

Name of Adopting Employer Francis Corp

Address 1234 Burberry St

Texmo

State

TX

56002

Telephone 123 436 7890

Adopting Employer's Federal Tax Identification Number

81-9034329

Adopting Employer's Tax Year End (specify month and day) 02/28

Type of Business (select one)

[NO]

Sole Proprietorship [No]

Partnership [No]

C Corporation [NO]

S Corporation [YEs] LLC [No]

Nonprofit

[NO]

Other (Specify a legal entity recognized under federal income tax laws

Name of Plan Bowling Individual(k) Plan

Plan Sequence Number 001

Trust Identification Number (f applicable) 45-2211445

Account Number 947442216

Related

Employers

If the

Adopting Employer is part of a controlled group of corporations (as defined in Code section 414(b) as modified by Code section

415(h)), a group of commonly controlled trades or businesses (as defined in Code section 414(c) as modified by Code section 415(h)) or an affiliated service

group (as defined in Code section 414(m)) of which the Adopting Employer is a part; or any other entity required to be aggregated with the Adopting Employer

pursuant to Code section 414(0), then all Related Employers of the Adopting Employer will participate in this Plan.

SECT zeestees:: EFFECT'

R2ISTES

3

ete: [4ES1E11E%5

Part A [No]

New Plan Effective Date

This is the initial adoption of a 401(k) profit sharing plan by the Adopting Employer:

The Effective Date of this Plan is

(Must be no earlier than the first day of the Plan Year in which the Plan is adopted)

If different from the Effective Date above, Elective Deferrals can be made under this Plan effective (select one):

Option 1: [No]

The next payroll date coinciding with or following the later of the date this Adoption Agreement is signed or the

Effective Date.

Option 2: [No]

(Must be on or after the later of the date this Adoption Agreement is signed or the Effective Date.

NOTE: If no

is selected, Option

will apply:

NOTE: The Effective Date is usually the first

of the Plan Year in which this Adoption Agreement is signed and may not be earlier than such

date Elective Deferrals, however, cannot be made available before the later of the date this Adoption Agreement is signed or the date specified

above for Elective Deferrals

Part B:

[Yes]

Existing Plan Amendment or Restatement Date

This is an amendment or restatement of an existing qualified plan:

The Initial Plan Document was effective on 10/10/2010

[NO]

This Plan is

a frozen Plan effective on

If this Plan is a frozen Plan; no Employer Contributions may be made to the Plan with respect to Compensation earned on or after the Effective

Date that the Plan is frozen In addition, no additional contributions (e.g- rollover, transfer) may be accepted by the Plan on or after the date that

the Plan is frozen: Depending on the facts and circumstances surrounding the freezing of the Plan, other Plan provisions may be affected

(e.g-, availability of loans)

The Effective Date of this amendment or restatement is 02/03/2020

(Must be no earlier than the first

of the Plan Year in which

the Plan is restated )

NOTE: Specifying an amendment or restatement Effective Date as any

other than the first day of the Plan Year following the Plan Year in which

this Adoption Agreement is signed may result in

reduction or elimination of accrued benefits, violating Code section 411(d)(6). Notwithstanding the

foregoing, Effective Dates for certain legislative and regulatory provisions are governed by the terms specified in the Basic Plan Document

#3101 (Rev: 6/2020)

Page

2020 Ascensus, LLC

City

Zip

option

day =

day -

day",What is the employer address?,1234 Burberry St
"


Individual 401(k) Profit Sharing Plan

Standardized Adoption Agreement

25)PXENES R

E315]

L5B5

Name of Adopting Employer Francis Corp

Address 1234 Burberry St

Texmo

State

TX

56002

Telephone 123 436 7890

Adopting Employer's Federal Tax Identification Number

81-9034329

Adopting Employer's Tax Year End (specify month and day) 02/28

Type of Business (select one)

[NO]

Sole Proprietorship [No]

Partnership [No]

C Corporation [NO]

S Corporation [YEs] LLC [No]

Nonprofit

[NO]

Other (Specify a legal entity recognized under federal income tax laws

Name of Plan Bowling Individual(k) Plan

Plan Sequence Number 001

Trust Identification Number (f applicable) 45-2211445

Account Number 947442216

Related

Employers

If the

Adopting Employer is part of a controlled group of corporations (as defined in Code section 414(b) as modified by Code section

415(h)), a group of commonly controlled trades or businesses (as defined in Code section 414(c) as modified by Code section 415(h)) or an affiliated service

group (as defined in Code section 414(m)) of which the Adopting Employer is a part; or any other entity required to be aggregated with the Adopting Employer

pursuant to Code section 414(0), then all Related Employers of the Adopting Employer will participate in this Plan.

SECT zeestees:: EFFECT'

R2ISTES

3

ete: [4ES1E11E%5

Part A [No]

New Plan Effective Date

This is the initial adoption of a 401(k) profit sharing plan by the Adopting Employer:

The Effective Date of this Plan is

(Must be no earlier than the first day of the Plan Year in which the Plan is adopted)

If different from the Effective Date above, Elective Deferrals can be made under this Plan effective (select one):

Option 1: [No]

The next payroll date coinciding with or following the later of the date this Adoption Agreement is signed or the

Effective Date.

Option 2: [No]

(Must be on or after the later of the date this Adoption Agreement is signed or the Effective Date.

NOTE: If no

is selected, Option

will apply:

NOTE: The Effective Date is usually the first

of the Plan Year in which this Adoption Agreement is signed and may not be earlier than such

date Elective Deferrals, however, cannot be made available before the later of the date this Adoption Agreement is signed or the date specified

above for Elective Deferrals

Part B:

[Yes]

Existing Plan Amendment or Restatement Date

This is an amendment or restatement of an existing qualified plan:

The Initial Plan Document was effective on 10/10/2010

[NO]

This Plan is

a frozen Plan effective on

If this Plan is a frozen Plan; no Employer Contributions may be made to the Plan with respect to Compensation earned on or after the Effective

Date that the Plan is frozen In addition, no additional contributions (e.g- rollover, transfer) may be accepted by the Plan on or after the date that

the Plan is frozen: Depending on the facts and circumstances surrounding the freezing of the Plan, other Plan provisions may be affected

(e.g-, availability of loans)

The Effective Date of this amendment or restatement is 02/03/2020

(Must be no earlier than the first

of the Plan Year in which

the Plan is restated )

NOTE: Specifying an amendment or restatement Effective Date as any

other than the first day of the Plan Year following the Plan Year in which

this Adoption Agreement is signed may result in

reduction or elimination of accrued benefits, violating Code section 411(d)(6). Notwithstanding the

foregoing, Effective Dates for certain legislative and regulatory provisions are governed by the terms specified in the Basic Plan Document

#3101 (Rev: 6/2020)

Page

2020 Ascensus, LLC

City

Zip

option

day =

day -

day",What is the business type?,LLC
"


Individual 401(k) Profit Sharing Plan

Standardized Adoption Agreement

25)PXENES R

E315]

L5B5

Name of Adopting Employer Francis Corp

Address 1234 Burberry St

Texmo

State

TX

56002

Telephone 123 436 7890

Adopting Employer's Federal Tax Identification Number

81-9034329

Adopting Employer's Tax Year End (specify month and day) 02/28

Type of Business (select one)

[NO]

Sole Proprietorship [No]

Partnership [No]

C Corporation [NO]

S Corporation [YEs] LLC [No]

Nonprofit

[NO]

Other (Specify a legal entity recognized under federal income tax laws

Name of Plan Bowling Individual(k) Plan

Plan Sequence Number 001

Trust Identification Number (f applicable) 45-2211445

Account Number 947442216

Related

Employers

If the

Adopting Employer is part of a controlled group of corporations (as defined in Code section 414(b) as modified by Code section

415(h)), a group of commonly controlled trades or businesses (as defined in Code section 414(c) as modified by Code section 415(h)) or an affiliated service

group (as defined in Code section 414(m)) of which the Adopting Employer is a part; or any other entity required to be aggregated with the Adopting Employer

pursuant to Code section 414(0), then all Related Employers of the Adopting Employer will participate in this Plan.

SECT zeestees:: EFFECT'

R2ISTES

3

ete: [4ES1E11E%5

Part A [No]

New Plan Effective Date

This is the initial adoption of a 401(k) profit sharing plan by the Adopting Employer:

The Effective Date of this Plan is

(Must be no earlier than the first day of the Plan Year in which the Plan is adopted)

If different from the Effective Date above, Elective Deferrals can be made under this Plan effective (select one):

Option 1: [No]

The next payroll date coinciding with or following the later of the date this Adoption Agreement is signed or the

Effective Date.

Option 2: [No]

(Must be on or after the later of the date this Adoption Agreement is signed or the Effective Date.

NOTE: If no

is selected, Option

will apply:

NOTE: The Effective Date is usually the first

of the Plan Year in which this Adoption Agreement is signed and may not be earlier than such

date Elective Deferrals, however, cannot be made available before the later of the date this Adoption Agreement is signed or the date specified

above for Elective Deferrals

Part B:

[Yes]

Existing Plan Amendment or Restatement Date

This is an amendment or restatement of an existing qualified plan:

The Initial Plan Document was effective on 10/10/2010

[NO]

This Plan is

a frozen Plan effective on

If this Plan is a frozen Plan; no Employer Contributions may be made to the Plan with respect to Compensation earned on or after the Effective

Date that the Plan is frozen In addition, no additional contributions (e.g- rollover, transfer) may be accepted by the Plan on or after the date that

the Plan is frozen: Depending on the facts and circumstances surrounding the freezing of the Plan, other Plan provisions may be affected

(e.g-, availability of loans)

The Effective Date of this amendment or restatement is 02/03/2020

(Must be no earlier than the first

of the Plan Year in which

the Plan is restated )

NOTE: Specifying an amendment or restatement Effective Date as any

other than the first day of the Plan Year following the Plan Year in which

this Adoption Agreement is signed may result in

reduction or elimination of accrued benefits, violating Code section 411(d)(6). Notwithstanding the

foregoing, Effective Dates for certain legislative and regulatory provisions are governed by the terms specified in the Basic Plan Document

#3101 (Rev: 6/2020)

Page

2020 Ascensus, LLC

City

Zip

option

day =

day -

day",Is this an existing plan or a new plan?,Existing Plan Amendment or Restatement
"


Part A [Yes]

New Plan Effective Date

This is the initial adoption of a 401(k) profit sharing plan by the Adopting Employer:

The Effective Date of this Plan is

(Must be no earlier than the first day of the Plan Year in which the Plan is adopted)

If different from the Effective Date above, Elective Deferrals can be made under this Plan effective (select one):

Option 1: [No]

The next payroll date coinciding with or following the later of the date this Adoption Agreement is signed or the

Effective Date.

Option 2: [No]

(Must be on or after the later of the date this Adoption Agreement is signed or the Effective Date.

NOTE: If no

is selected, Option

will apply:

NOTE: The Effective Date is usually the first

of the Plan Year in which this Adoption Agreement is signed and may not be earlier than such

date Elective Deferrals, however, cannot be made available before the later of the date this Adoption Agreement is signed or the date specified

above for Elective Deferrals

Part B:

[No]

Existing Plan Amendment or Restatement Date

This is an amendment or restatement of an existing qualified plan:

The Initial Plan Document was effective on 10/10/2010

[NO]

This Plan is

a frozen Plan effective on

If this Plan is a frozen Plan; no Employer Contributions may be made to the Plan with respect to Compensation earned on or after the Effective

Date that the Plan is frozen In addition, no additional contributions (e.g- rollover, transfer) may be accepted by the Plan on or after the date that

the Plan is frozen: Depending on the facts and circumstances surrounding the freezing of the Plan, other Plan provisions may be affected

(e.g-, availability of loans)

",Is this an existing plan or a new plan?,New Plan
"[Yexees]

[YEtes] t

[Yopes]

INol

Fidelity

[YEIEs] EheEec usj [delitytaty/[YE3JOIkE INE J8OCvEs] [vES]

'30Yes]

E $

The befined Contribution Retirement Plan-

Profit Sharing/401(k) Plan Adoption Agreement No. 001

pre-approved plan for use with the Defined Contribution Retirement Plan, Basic Plan Document No. 04

1

Plan Information

A. Name of Plan:

This is the

(the

'Plan

Intelligent Plan Individual 401(k) Plan

Plan Number

001

The Plan consists of the Basic Plan Document, this Adoption Agreement as completed, and the separate

Trust Agreement:

B. Name of Plan Administrator (if not the Employer):

Name

Intelligent Plan LLC

Address

6789 swiss drive

City

State

ZIP Code

Manchester city

NY

12300

Telephone Number

Email Address

3

3

2

3

4

The Plan Administrator serves as the main contact for the Plan and the designated agent for service of legal process

for the Plan:

Name of Successor Plan Administrator:

Name

Aadress

State

ZIP Code

Telephone Number

Email Address

[Note: The failure to name a successor

Administrator may result in the

of Plan distributions_

if the Plan

Administrator is unable to fulfill its duties:]

Plan Information continues on next page:

L

1. 866722.106

Page

1 of 6

032970201

City

Plan

delay",What is the plan name?,Intelligent Plan Individual 401(k) Plan
"Plan Information, continued

Type of Plan:

Check one.

1 ,

Profit Sharing only

Elective Contributions (401(k) contributions) are not permitted

The Employer may

make Nonelective Employer Contributions in the manner elected in this Adoption Agreement:

2. Safe Harbor 401(k) Plan_ Elective Contributions (401(k) contributions) are

and the Employer

make Safe Harbor Nonelective Employer Contributions to the Plan on

Dehaltted

of Eligible Participants

equal to 3% of their

Compensation

for the Plan Year: The Employer may make Nonelective Employer

Contributions in the manner elected in this Adoption Agreement:

3. Non-Safe Harbor 401(k) Plan-_Elective Contributions (401(k) contributions) are permitted: The Employer

will not make Safe Harbor Nonelective Employer Contributions to the Plan. The Employer may make

Nonelective

Employer Contributions in the manner elected in this Adoption Agreement:

D

Plan Year and Limitation Year:

Check one.

1. Calendar Year

2

Fiscal Year ending

MM DD

[Note: If left blank, the Plan Year and Limitation Year will be the calendar year:]

E

Plan Status and Effective Date:

Check one.

1. New Plan Effective Date:

Date

MM DD YYYY

[Note: Cannot be earlier than the

first

of the current Plan Year:]

2. Amendment Effective Date:

Date

MM DD

[Note: Cannot be earlier than the

first

of the current Plan Year:]

This is:

Check one.

a. an amendment and restatement of a Basic Plan Document No. 04 Adoption Agreement previously

executed by the Employer: With the execution of this restatement; the Trust Agreement formerly

within Basic Plan Document No. 04 is hereby removed to become a separate, independent Trust

Agreement without altering the substance thereof:

b. an amendment and restatement from another plan document to a Basic Plan Document No. 04

Adoption Agreement

The original

effective date of the Plan

MM DD

Complete if adding Elective Contributions (401(k) contributions) to your Plan for the first time:

Effective date of Elective Contributions:

Date

MM DD YYYY

[Note: Cannot be earlier than the

this

amended Adoption Agreement is signed: ]

2. Employer

A

Name of

Employer

IIntelligent Plan LLC

Address

6789 swiss drive

City

State

ZIP Code

Manchester city

NY

12300

Telephone Number

Employer's Tax Identification Number

3

0

0   3

2

3

4

Employer continues on next page.

L

1.866722.106

Page 2 of 6

032970202

will

day

day

day",what is employer name?,IIntelligent Plan LLC
"Plan Information, continued

Type of Plan:

Check one.

1 ,

Profit Sharing only

Elective Contributions (401(k) contributions) are not permitted

The Employer may

make Nonelective Employer Contributions in the manner elected in this Adoption Agreement:

2. Safe Harbor 401(k) Plan_ Elective Contributions (401(k) contributions) are

and the Employer

make Safe Harbor Nonelective Employer Contributions to the Plan on

Dehaltted

of Eligible Participants

equal to 3% of their

Compensation

for the Plan Year: The Employer may make Nonelective Employer

Contributions in the manner elected in this Adoption Agreement:

3. Non-Safe Harbor 401(k) Plan-_Elective Contributions (401(k) contributions) are permitted: The Employer

will not make Safe Harbor Nonelective Employer Contributions to the Plan. The Employer may make

Nonelective

Employer Contributions in the manner elected in this Adoption Agreement:

D

Plan Year and Limitation Year:

Check one.

1. Calendar Year

2

Fiscal Year ending

MM DD

[Note: If left blank, the Plan Year and Limitation Year will be the calendar year:]

E

Plan Status and Effective Date:

Check one.

1. New Plan Effective Date:

Date

MM DD YYYY

[Note: Cannot be earlier than the

first

of the current Plan Year:]

2. Amendment Effective Date:

Date

MM DD

[Note: Cannot be earlier than the

first

of the current Plan Year:]

This is:

Check one.

a. an amendment and restatement of a Basic Plan Document No. 04 Adoption Agreement previously

executed by the Employer: With the execution of this restatement; the Trust Agreement formerly

within Basic Plan Document No. 04 is hereby removed to become a separate, independent Trust

Agreement without altering the substance thereof:

b. an amendment and restatement from another plan document to a Basic Plan Document No. 04

Adoption Agreement

The original

effective date of the Plan

MM DD

Complete if adding Elective Contributions (401(k) contributions) to your Plan for the first time:

Effective date of Elective Contributions:

Date

MM DD YYYY

[Note: Cannot be earlier than the

this

amended Adoption Agreement is signed: ]

2. Employer

A

Name of

Employer

IIntelligent Plan LLC

Address

6789 swiss drive

City

State

ZIP Code

Manchester city

NY

12300

Telephone Number

Employer's Tax Identification Number

3

0

0   3

2

3

4

Employer continues on next page.

L

1.866722.106

Page 2 of 6

032970202

will

day

day

day",what is employer address?,6789 swiss drive
"Plan Information, continued

Type of Plan:

Check one.

1 ,

Profit Sharing only

Elective Contributions (401(k) contributions) are not permitted

The Employer may

make Nonelective Employer Contributions in the manner elected in this Adoption Agreement:

2. Safe Harbor 401(k) Plan_ Elective Contributions (401(k) contributions) are

and the Employer

make Safe Harbor Nonelective Employer Contributions to the Plan on

Dehaltted

of Eligible Participants

equal to 3% of their

Compensation

for the Plan Year: The Employer may make Nonelective Employer

Contributions in the manner elected in this Adoption Agreement:

3. Non-Safe Harbor 401(k) Plan-_Elective Contributions (401(k) contributions) are permitted: The Employer

will not make Safe Harbor Nonelective Employer Contributions to the Plan. The Employer may make

Nonelective

Employer Contributions in the manner elected in this Adoption Agreement:

D

Plan Year and Limitation Year:

Check one.

1. Calendar Year

2

Fiscal Year ending

MM DD

[Note: If left blank, the Plan Year and Limitation Year will be the calendar year:]

E

Plan Status and Effective Date:

Check one.

1. New Plan Effective Date:

Date

MM DD YYYY

[Note: Cannot be earlier than the

first

of the current Plan Year:]

2. Amendment Effective Date:

Date

MM DD

[Note: Cannot be earlier than the

first

of the current Plan Year:]

This is:

Check one.

a. an amendment and restatement of a Basic Plan Document No. 04 Adoption Agreement previously

executed by the Employer: With the execution of this restatement; the Trust Agreement formerly

within Basic Plan Document No. 04 is hereby removed to become a separate, independent Trust

Agreement without altering the substance thereof:

b. an amendment and restatement from another plan document to a Basic Plan Document No. 04

Adoption Agreement

The original

effective date of the Plan

MM DD

Complete if adding Elective Contributions (401(k) contributions) to your Plan for the first time:

Effective date of Elective Contributions:

Date

MM DD YYYY

[Note: Cannot be earlier than the

this

amended Adoption Agreement is signed: ]

2. Employer

A

Name of

Employer

IIntelligent Plan LLC

Address

6789 swiss drive

City

State

ZIP Code

Manchester city

NY

12300

Telephone Number

Employer's Tax Identification Number

3

0

0   3

2

3

4

Employer continues on next page.

L

1.866722.106

Page 2 of 6

032970202

will

day

day

day",what is employer state?,NY
"Plan Information, continued

Type of Plan:

Check one.

1 ,

Profit Sharing only

Elective Contributions (401(k) contributions) are not permitted

The Employer may

make Nonelective Employer Contributions in the manner elected in this Adoption Agreement:

2. Safe Harbor 401(k) Plan_ Elective Contributions (401(k) contributions) are

and the Employer

make Safe Harbor Nonelective Employer Contributions to the Plan on

Dehaltted

of Eligible Participants

equal to 3% of their

Compensation

for the Plan Year: The Employer may make Nonelective Employer

Contributions in the manner elected in this Adoption Agreement:

3. Non-Safe Harbor 401(k) Plan-_Elective Contributions (401(k) contributions) are permitted: The Employer

will not make Safe Harbor Nonelective Employer Contributions to the Plan. The Employer may make

Nonelective

Employer Contributions in the manner elected in this Adoption Agreement:

D

Plan Year and Limitation Year:

Check one.

1. Calendar Year

2

Fiscal Year ending

MM DD

[Note: If left blank, the Plan Year and Limitation Year will be the calendar year:]

E

Plan Status and Effective Date:

Check one.

1. New Plan Effective Date:

Date

MM DD YYYY

[Note: Cannot be earlier than the

first

of the current Plan Year:]

2. Amendment Effective Date:

Date

MM DD

[Note: Cannot be earlier than the

first

of the current Plan Year:]

This is:

Check one.

a. an amendment and restatement of a Basic Plan Document No. 04 Adoption Agreement previously

executed by the Employer: With the execution of this restatement; the Trust Agreement formerly

within Basic Plan Document No. 04 is hereby removed to become a separate, independent Trust

Agreement without altering the substance thereof:

b. an amendment and restatement from another plan document to a Basic Plan Document No. 04

Adoption Agreement

The original

effective date of the Plan

MM DD

Complete if adding Elective Contributions (401(k) contributions) to your Plan for the first time:

Effective date of Elective Contributions:

Date

MM DD YYYY

[Note: Cannot be earlier than the

this

amended Adoption Agreement is signed: ]

2. Employer

A

Name of

Employer

IIntelligent Plan LLC

Address

6789 swiss drive

City

State

ZIP Code

Manchester city

NY

12300

Telephone Number

Employer's Tax Identification Number

3

0

0   3

2

3

4

Employer continues on next page.

L

1.866722.106

Page 2 of 6

032970202

will

day

day

day",whast is employer city?,Manchester city
"625]1

[esrrles

WfEE

Schwab Individual 401(k) Plan

Adoption Agreement

Page 3 of 7

WWW.schwab:com | 1-800-694-9449, option 3 (inside the U.S.) |+1-415-667-8400 (outside the U.S.)

1. Employer Information

Ask Plan LLC

Name of Adopting Employer

8000 marine drive_

Address

Melbourne city

NY

13300

State

Zip Code

900. 200.3322

12-5463452

Telephone

Adopting Employer's Federal Tax Hentification Number

12/31

Adopting Employer's Tax Year End (specify month and day)

Type of Business (select one):

Sole Proprietorship

Partnership

Corporation

S Corporation

LLC

Other (specify a legal entity recognized under federal income tax laws):

Ask Plan Individual 401klPlan

Name of Plan

001

22-6668745

12435267

Plan Sequence Number

Trust dentification Number (if applicable)

Account Number

Related Employers-If the Adopting Employer is part of a controlled group of corporations (as defined in Code section 414(b) as modified by Code

section 415(h)), a group of commonly controlled trades or businesses (as defined in Code section 414(c) as modified by Code section 415(h)), or an

affiliated service group (as defined in Code section 414(m)) of which the Adopting Employer is a part, or any other entity required to be aggregated

with the Adopting Employer pursuant to Code section 414(0), then all Related Employers of the Adopting Employer will participate in this Plan.

Part A.

New Plan Effective Date

This is the initial adoption of a 401(k) profit sharing plan by the Adopting Employer:

The Effective Date of this Plan is

(Must be no earlier than the first day of the Plan Year in which the Plan is adopted:)

If different from the Effective Date above, Elective Deferrals can be made under this Plan effective (select one):

Option 1:

The next payroll date coinciding with or following the later of the date this Adoption Agreement is signed or the

Effective Date.

Option 2:

(Must be on or after the later of the date this Adoption Agreement is signed or the Effective Date_

NOTE: If no option is selected, Option 1 will apply:

NOTE: The Effective Date is usually the first

of the Plan Year in which this Adoption Agreement is signed and may not be earlier

than such date. Elective Deferrals, however; cannot be made available before the later of the date this Adoption Agreement is signed or

the date specified above for Elective Deferrals

Part B.

Existing Plan Amendment or Restatement Date

This is an amendment or restatement of an existing qualified plan.

The nitial Plan Document was effective on

01/01/2023

This Plan is a frozen Plan effective on

F this Plan is a frozen Plan, no Employer Contributions may be made to the Plan with respect to Compensation earned on or after

the Effective Date that the Plan is frozen. In addition, no additional contributions

rollover; transfer) may be accepted by the

Plan on or after the date that the Plan is frozen. Depending on the facts and circumstances surrounding the freezing of the Plan,

other Plan provisions may be affected (e.g, availability of loans)

02022 Charles Schwab &

Inc. All rights reserved.

Member SPC.

(0222-1X8S)

REG30724-05 (04/22)

City

day =

(e.g ,

Co.,`",what is name of the employer?,Ask Plan LLC
"625]1

[esrrles

WfEE

Schwab Individual 401(k) Plan

Adoption Agreement

Page 3 of 7

WWW.schwab:com | 1-800-694-9449, option 3 (inside the U.S.) |+1-415-667-8400 (outside the U.S.)

1. Employer Information

Ask Plan LLC

Name of Adopting Employer

8000 marine drive_

Address

Melbourne city

NY

13300

State

Zip Code

900. 200.3322

12-5463452

Telephone

Adopting Employer's Federal Tax Hentification Number

12/31

Adopting Employer's Tax Year End (specify month and day)

Type of Business (select one):

Sole Proprietorship

Partnership

Corporation

S Corporation

LLC

Other (specify a legal entity recognized under federal income tax laws):

Ask Plan Individual 401klPlan

Name of Plan

001

22-6668745

12435267

Plan Sequence Number

Trust dentification Number (if applicable)

Account Number

Related Employers-If the Adopting Employer is part of a controlled group of corporations (as defined in Code section 414(b) as modified by Code

section 415(h)), a group of commonly controlled trades or businesses (as defined in Code section 414(c) as modified by Code section 415(h)), or an

affiliated service group (as defined in Code section 414(m)) of which the Adopting Employer is a part, or any other entity required to be aggregated

with the Adopting Employer pursuant to Code section 414(0), then all Related Employers of the Adopting Employer will participate in this Plan.

Part A.

New Plan Effective Date

This is the initial adoption of a 401(k) profit sharing plan by the Adopting Employer:

The Effective Date of this Plan is

(Must be no earlier than the first day of the Plan Year in which the Plan is adopted:)

If different from the Effective Date above, Elective Deferrals can be made under this Plan effective (select one):

Option 1:

The next payroll date coinciding with or following the later of the date this Adoption Agreement is signed or the

Effective Date.

Option 2:

(Must be on or after the later of the date this Adoption Agreement is signed or the Effective Date_

NOTE: If no option is selected, Option 1 will apply:

NOTE: The Effective Date is usually the first

of the Plan Year in which this Adoption Agreement is signed and may not be earlier

than such date. Elective Deferrals, however; cannot be made available before the later of the date this Adoption Agreement is signed or

the date specified above for Elective Deferrals

Part B.

Existing Plan Amendment or Restatement Date

This is an amendment or restatement of an existing qualified plan.

The nitial Plan Document was effective on

01/01/2023

This Plan is a frozen Plan effective on

F this Plan is a frozen Plan, no Employer Contributions may be made to the Plan with respect to Compensation earned on or after

the Effective Date that the Plan is frozen. In addition, no additional contributions

rollover; transfer) may be accepted by the

Plan on or after the date that the Plan is frozen. Depending on the facts and circumstances surrounding the freezing of the Plan,

other Plan provisions may be affected (e.g, availability of loans)

02022 Charles Schwab &

Inc. All rights reserved.

Member SPC.

(0222-1X8S)

REG30724-05 (04/22)

City

day =

(e.g ,

Co.,`",whast is employer address?,8000 marine drive_
"625]1

[esrrles

WfEE

Schwab Individual 401(k) Plan

Adoption Agreement

Page 3 of 7

WWW.schwab:com | 1-800-694-9449, option 3 (inside the U.S.) |+1-415-667-8400 (outside the U.S.)

1. Employer Information

Ask Plan LLC

Name of Adopting Employer

8000 marine drive_

Address

Melbourne city

NY

13300

State

Zip Code

900. 200.3322

12-5463452

Telephone

Adopting Employer's Federal Tax Hentification Number

12/31

Adopting Employer's Tax Year End (specify month and day)

Type of Business (select one):

Sole Proprietorship

Partnership

Corporation

S Corporation

LLC

Other (specify a legal entity recognized under federal income tax laws):

Ask Plan Individual 401klPlan

Name of Plan

001

22-6668745

12435267

Plan Sequence Number

Trust dentification Number (if applicable)

Account Number

Related Employers-If the Adopting Employer is part of a controlled group of corporations (as defined in Code section 414(b) as modified by Code

section 415(h)), a group of commonly controlled trades or businesses (as defined in Code section 414(c) as modified by Code section 415(h)), or an

affiliated service group (as defined in Code section 414(m)) of which the Adopting Employer is a part, or any other entity required to be aggregated

with the Adopting Employer pursuant to Code section 414(0), then all Related Employers of the Adopting Employer will participate in this Plan.

Part A.

New Plan Effective Date

This is the initial adoption of a 401(k) profit sharing plan by the Adopting Employer:

The Effective Date of this Plan is

(Must be no earlier than the first day of the Plan Year in which the Plan is adopted:)

If different from the Effective Date above, Elective Deferrals can be made under this Plan effective (select one):

Option 1:

The next payroll date coinciding with or following the later of the date this Adoption Agreement is signed or the

Effective Date.

Option 2:

(Must be on or after the later of the date this Adoption Agreement is signed or the Effective Date_

NOTE: If no option is selected, Option 1 will apply:

NOTE: The Effective Date is usually the first

of the Plan Year in which this Adoption Agreement is signed and may not be earlier

than such date. Elective Deferrals, however; cannot be made available before the later of the date this Adoption Agreement is signed or

the date specified above for Elective Deferrals

Part B.

Existing Plan Amendment or Restatement Date

This is an amendment or restatement of an existing qualified plan.

The nitial Plan Document was effective on

01/01/2023

This Plan is a frozen Plan effective on

F this Plan is a frozen Plan, no Employer Contributions may be made to the Plan with respect to Compensation earned on or after

the Effective Date that the Plan is frozen. In addition, no additional contributions

rollover; transfer) may be accepted by the

Plan on or after the date that the Plan is frozen. Depending on the facts and circumstances surrounding the freezing of the Plan,

other Plan provisions may be affected (e.g, availability of loans)

02022 Charles Schwab &

Inc. All rights reserved.

Member SPC.

(0222-1X8S)

REG30724-05 (04/22)

City

day =

(e.g ,

Co.,`",what is employer city?,Melbourne city
"625]1

[esrrles

WfEE

Schwab Individual 401(k) Plan

Adoption Agreement

Page 3 of 7

WWW.schwab:com | 1-800-694-9449, option 3 (inside the U.S.) |+1-415-667-8400 (outside the U.S.)

1. Employer Information

Ask Plan LLC

Name of Adopting Employer

8000 marine drive_

Address

Melbourne city

NY

13300

State

Zip Code

900. 200.3322

12-5463452

Telephone

Adopting Employer's Federal Tax Hentification Number

12/31

Adopting Employer's Tax Year End (specify month and day)

Type of Business (select one):

Sole Proprietorship

Partnership

Corporation

S Corporation

LLC

Other (specify a legal entity recognized under federal income tax laws):

Ask Plan Individual 401klPlan

Name of Plan

001

22-6668745

12435267

Plan Sequence Number

Trust dentification Number (if applicable)

Account Number

Related Employers-If the Adopting Employer is part of a controlled group of corporations (as defined in Code section 414(b) as modified by Code

section 415(h)), a group of commonly controlled trades or businesses (as defined in Code section 414(c) as modified by Code section 415(h)), or an

affiliated service group (as defined in Code section 414(m)) of which the Adopting Employer is a part, or any other entity required to be aggregated

with the Adopting Employer pursuant to Code section 414(0), then all Related Employers of the Adopting Employer will participate in this Plan.

Part A.

New Plan Effective Date

This is the initial adoption of a 401(k) profit sharing plan by the Adopting Employer:

The Effective Date of this Plan is

(Must be no earlier than the first day of the Plan Year in which the Plan is adopted:)

If different from the Effective Date above, Elective Deferrals can be made under this Plan effective (select one):

Option 1:

The next payroll date coinciding with or following the later of the date this Adoption Agreement is signed or the

Effective Date.

Option 2:

(Must be on or after the later of the date this Adoption Agreement is signed or the Effective Date_

NOTE: If no option is selected, Option 1 will apply:

NOTE: The Effective Date is usually the first

of the Plan Year in which this Adoption Agreement is signed and may not be earlier

than such date. Elective Deferrals, however; cannot be made available before the later of the date this Adoption Agreement is signed or

the date specified above for Elective Deferrals

Part B.

Existing Plan Amendment or Restatement Date

This is an amendment or restatement of an existing qualified plan.

The nitial Plan Document was effective on

01/01/2023

This Plan is a frozen Plan effective on

F this Plan is a frozen Plan, no Employer Contributions may be made to the Plan with respect to Compensation earned on or after

the Effective Date that the Plan is frozen. In addition, no additional contributions

rollover; transfer) may be accepted by the

Plan on or after the date that the Plan is frozen. Depending on the facts and circumstances surrounding the freezing of the Plan,

other Plan provisions may be affected (e.g, availability of loans)

02022 Charles Schwab &

Inc. All rights reserved.

Member SPC.

(0222-1X8S)

REG30724-05 (04/22)

City

day =

(e.g ,

Co.,`",what is employer state?,NY
"625]1

[esrrles

WfEE

Schwab Individual 401(k) Plan

Adoption Agreement

Page 3 of 7

WWW.schwab:com | 1-800-694-9449, option 3 (inside the U.S.) |+1-415-667-8400 (outside the U.S.)

1. Employer Information

Ask Plan LLC

Name of Adopting Employer

8000 marine drive_

Address

Melbourne city

NY

13300

State

Zip Code

900. 200.3322

12-5463452

Telephone

Adopting Employer's Federal Tax Hentification Number

12/31

Adopting Employer's Tax Year End (specify month and day)

Type of Business (select one):

Sole Proprietorship

Partnership

Corporation

S Corporation

LLC

Other (specify a legal entity recognized under federal income tax laws):

Ask Plan Individual 401klPlan

Name of Plan

001

22-6668745

12435267

Plan Sequence Number

Trust dentification Number (if applicable)

Account Number

Related Employers-If the Adopting Employer is part of a controlled group of corporations (as defined in Code section 414(b) as modified by Code

section 415(h)), a group of commonly controlled trades or businesses (as defined in Code section 414(c) as modified by Code section 415(h)), or an

affiliated service group (as defined in Code section 414(m)) of which the Adopting Employer is a part, or any other entity required to be aggregated

with the Adopting Employer pursuant to Code section 414(0), then all Related Employers of the Adopting Employer will participate in this Plan.

Part A.

New Plan Effective Date

This is the initial adoption of a 401(k) profit sharing plan by the Adopting Employer:

The Effective Date of this Plan is

(Must be no earlier than the first day of the Plan Year in which the Plan is adopted:)

If different from the Effective Date above, Elective Deferrals can be made under this Plan effective (select one):

Option 1:

The next payroll date coinciding with or following the later of the date this Adoption Agreement is signed or the

Effective Date.

Option 2:

(Must be on or after the later of the date this Adoption Agreement is signed or the Effective Date_

NOTE: If no option is selected, Option 1 will apply:

NOTE: The Effective Date is usually the first

of the Plan Year in which this Adoption Agreement is signed and may not be earlier

than such date. Elective Deferrals, however; cannot be made available before the later of the date this Adoption Agreement is signed or

the date specified above for Elective Deferrals

Part B.

Existing Plan Amendment or Restatement Date

This is an amendment or restatement of an existing qualified plan.

The nitial Plan Document was effective on

01/01/2023

This Plan is a frozen Plan effective on

F this Plan is a frozen Plan, no Employer Contributions may be made to the Plan with respect to Compensation earned on or after

the Effective Date that the Plan is frozen. In addition, no additional contributions

rollover; transfer) may be accepted by the

Plan on or after the date that the Plan is frozen. Depending on the facts and circumstances surrounding the freezing of the Plan,

other Plan provisions may be affected (e.g, availability of loans)

02022 Charles Schwab &

Inc. All rights reserved.

Member SPC.

(0222-1X8S)

REG30724-05 (04/22)

City

day =

(e.g ,

Co.,`",what is employer zip?,13300
"625]1

[esrrles

WfEE

Schwab Individual 401(k) Plan

Adoption Agreement

Page 3 of 7

WWW.schwab:com | 1-800-694-9449, option 3 (inside the U.S.) |+1-415-667-8400 (outside the U.S.)

1. Employer Information

Ask Plan LLC

Name of Adopting Employer

8000 marine drive_

Address

Melbourne city

NY

13300

State

Zip Code

900. 200.3322

12-5463452

Telephone

Adopting Employer's Federal Tax Hentification Number

12/31

Adopting Employer's Tax Year End (specify month and day)

Type of Business (select one):

Sole Proprietorship

Partnership

Corporation

S Corporation

LLC

Other (specify a legal entity recognized under federal income tax laws):

Ask Plan Individual 401klPlan

Name of Plan

001

22-6668745

12435267

Plan Sequence Number

Trust dentification Number (if applicable)

Account Number

Related Employers-If the Adopting Employer is part of a controlled group of corporations (as defined in Code section 414(b) as modified by Code

section 415(h)), a group of commonly controlled trades or businesses (as defined in Code section 414(c) as modified by Code section 415(h)), or an

affiliated service group (as defined in Code section 414(m)) of which the Adopting Employer is a part, or any other entity required to be aggregated

with the Adopting Employer pursuant to Code section 414(0), then all Related Employers of the Adopting Employer will participate in this Plan.

Part A.

New Plan Effective Date

This is the initial adoption of a 401(k) profit sharing plan by the Adopting Employer:

The Effective Date of this Plan is

(Must be no earlier than the first day of the Plan Year in which the Plan is adopted:)

If different from the Effective Date above, Elective Deferrals can be made under this Plan effective (select one):

Option 1:

The next payroll date coinciding with or following the later of the date this Adoption Agreement is signed or the

Effective Date.

Option 2:

(Must be on or after the later of the date this Adoption Agreement is signed or the Effective Date_

NOTE: If no option is selected, Option 1 will apply:

NOTE: The Effective Date is usually the first

of the Plan Year in which this Adoption Agreement is signed and may not be earlier

than such date. Elective Deferrals, however; cannot be made available before the later of the date this Adoption Agreement is signed or

the date specified above for Elective Deferrals

Part B.

Existing Plan Amendment or Restatement Date

This is an amendment or restatement of an existing qualified plan.

The nitial Plan Document was effective on

01/01/2023

This Plan is a frozen Plan effective on

F this Plan is a frozen Plan, no Employer Contributions may be made to the Plan with respect to Compensation earned on or after

the Effective Date that the Plan is frozen. In addition, no additional contributions

rollover; transfer) may be accepted by the

Plan on or after the date that the Plan is frozen. Depending on the facts and circumstances surrounding the freezing of the Plan,

other Plan provisions may be affected (e.g, availability of loans)

02022 Charles Schwab &

Inc. All rights reserved.

Member SPC.

(0222-1X8S)

REG30724-05 (04/22)

City

day =

(e.g ,

Co.,`",,
"625]1

[esrrles

WfEE

Schwab Individual 401(k) Plan

Adoption Agreement

Page 3 of 7

WWW.schwab:com | 1-800-694-9449, option 3 (inside the U.S.) |+1-415-667-8400 (outside the U.S.)

1. Employer Information

Ask Plan LLC

Name of Adopting Employer

8000 marine drive_

Address

Melbourne city

NY

13300

State

Zip Code

900. 200.3322

12-5463452

Telephone

Adopting Employer's Federal Tax Hentification Number

12/31

Adopting Employer's Tax Year End (specify month and day)

Type of Business (select one):

Sole Proprietorship

Partnership

Corporation

S Corporation

LLC

Other (specify a legal entity recognized under federal income tax laws):

Ask Plan Individual 401klPlan

Name of Plan

001

22-6668745

12435267

Plan Sequence Number

Trust dentification Number (if applicable)

Account Number

Related Employers-If the Adopting Employer is part of a controlled group of corporations (as defined in Code section 414(b) as modified by Code

section 415(h)), a group of commonly controlled trades or businesses (as defined in Code section 414(c) as modified by Code section 415(h)), or an

affiliated service group (as defined in Code section 414(m)) of which the Adopting Employer is a part, or any other entity required to be aggregated

with the Adopting Employer pursuant to Code section 414(0), then all Related Employers of the Adopting Employer will participate in this Plan.

Part A.

New Plan Effective Date

This is the initial adoption of a 401(k) profit sharing plan by the Adopting Employer:

The Effective Date of this Plan is

(Must be no earlier than the first day of the Plan Year in which the Plan is adopted:)

If different from the Effective Date above, Elective Deferrals can be made under this Plan effective (select one):

Option 1:

The next payroll date coinciding with or following the later of the date this Adoption Agreement is signed or the

Effective Date.

Option 2:

(Must be on or after the later of the date this Adoption Agreement is signed or the Effective Date_

NOTE: If no option is selected, Option 1 will apply:

NOTE: The Effective Date is usually the first

of the Plan Year in which this Adoption Agreement is signed and may not be earlier

than such date. Elective Deferrals, however; cannot be made available before the later of the date this Adoption Agreement is signed or

the date specified above for Elective Deferrals

Part B.

Existing Plan Amendment or Restatement Date

This is an amendment or restatement of an existing qualified plan.

The nitial Plan Document was effective on

01/01/2023

This Plan is a frozen Plan effective on

F this Plan is a frozen Plan, no Employer Contributions may be made to the Plan with respect to Compensation earned on or after

the Effective Date that the Plan is frozen. In addition, no additional contributions

rollover; transfer) may be accepted by the

Plan on or after the date that the Plan is frozen. Depending on the facts and circumstances surrounding the freezing of the Plan,

other Plan provisions may be affected (e.g, availability of loans)

02022 Charles Schwab &

Inc. All rights reserved.

Member SPC.

(0222-1X8S)

REG30724-05 (04/22)

City

day =

(e.g ,

Co.,`",whast is employer phone no.?,900. 200.3322
"625]1

[esrrles

WfEE

Schwab Individual 401(k) Plan

Adoption Agreement

Page 3 of 7

WWW.schwab:com | 1-800-694-9449, option 3 (inside the U.S.) |+1-415-667-8400 (outside the U.S.)

1. Employer Information

Ask Plan LLC

Name of Adopting Employer

8000 marine drive_

Address

Melbourne city

NY

13300

State

Zip Code

900. 200.3322

12-5463452

Telephone

Adopting Employer's Federal Tax Hentification Number

12/31

Adopting Employer's Tax Year End (specify month and day)

Type of Business (select one):

Sole Proprietorship

Partnership

Corporation

S Corporation

LLC

Other (specify a legal entity recognized under federal income tax laws):

Ask Plan Individual 401klPlan

Name of Plan

001

22-6668745

12435267

Plan Sequence Number

Trust dentification Number (if applicable)

Account Number

Related Employers-If the Adopting Employer is part of a controlled group of corporations (as defined in Code section 414(b) as modified by Code

section 415(h)), a group of commonly controlled trades or businesses (as defined in Code section 414(c) as modified by Code section 415(h)), or an

affiliated service group (as defined in Code section 414(m)) of which the Adopting Employer is a part, or any other entity required to be aggregated

with the Adopting Employer pursuant to Code section 414(0), then all Related Employers of the Adopting Employer will participate in this Plan.

Part A.

New Plan Effective Date

This is the initial adoption of a 401(k) profit sharing plan by the Adopting Employer:

The Effective Date of this Plan is

(Must be no earlier than the first day of the Plan Year in which the Plan is adopted:)

If different from the Effective Date above, Elective Deferrals can be made under this Plan effective (select one):

Option 1:

The next payroll date coinciding with or following the later of the date this Adoption Agreement is signed or the

Effective Date.

Option 2:

(Must be on or after the later of the date this Adoption Agreement is signed or the Effective Date_

NOTE: If no option is selected, Option 1 will apply:

NOTE: The Effective Date is usually the first

of the Plan Year in which this Adoption Agreement is signed and may not be earlier

than such date. Elective Deferrals, however; cannot be made available before the later of the date this Adoption Agreement is signed or

the date specified above for Elective Deferrals

Part B.

Existing Plan Amendment or Restatement Date

This is an amendment or restatement of an existing qualified plan.

The nitial Plan Document was effective on

01/01/2023

This Plan is a frozen Plan effective on

F this Plan is a frozen Plan, no Employer Contributions may be made to the Plan with respect to Compensation earned on or after

the Effective Date that the Plan is frozen. In addition, no additional contributions

rollover; transfer) may be accepted by the

Plan on or after the date that the Plan is frozen. Depending on the facts and circumstances surrounding the freezing of the Plan,

other Plan provisions may be affected (e.g, availability of loans)

02022 Charles Schwab &

Inc. All rights reserved.

Member SPC.

(0222-1X8S)

REG30724-05 (04/22)

City

day =

(e.g ,

Co.,`",what is employer TIN?,12-5463452
"625]1

[esrrles

WfEE

Schwab Individual 401(k) Plan

Adoption Agreement

Page 3 of 7

WWW.schwab:com | 1-800-694-9449, option 3 (inside the U.S.) |+1-415-667-8400 (outside the U.S.)

1. Employer Information

Ask Plan LLC

Name of Adopting Employer

8000 marine drive_

Address

Melbourne city

NY

13300

State

Zip Code

900. 200.3322

12-5463452

Telephone

Adopting Employer's Federal Tax Hentification Number

12/31

Adopting Employer's Tax Year End (specify month and day)

Type of Business (select one):

Sole Proprietorship

Partnership

Corporation

S Corporation

LLC

Other (specify a legal entity recognized under federal income tax laws):

Ask Plan Individual 401klPlan

Name of Plan

001

22-6668745

12435267

Plan Sequence Number

Trust dentification Number (if applicable)

Account Number

Related Employers-If the Adopting Employer is part of a controlled group of corporations (as defined in Code section 414(b) as modified by Code

section 415(h)), a group of commonly controlled trades or businesses (as defined in Code section 414(c) as modified by Code section 415(h)), or an

affiliated service group (as defined in Code section 414(m)) of which the Adopting Employer is a part, or any other entity required to be aggregated

with the Adopting Employer pursuant to Code section 414(0), then all Related Employers of the Adopting Employer will participate in this Plan.

Part A.

New Plan Effective Date

This is the initial adoption of a 401(k) profit sharing plan by the Adopting Employer:

The Effective Date of this Plan is

(Must be no earlier than the first day of the Plan Year in which the Plan is adopted:)

If different from the Effective Date above, Elective Deferrals can be made under this Plan effective (select one):

Option 1:

The next payroll date coinciding with or following the later of the date this Adoption Agreement is signed or the

Effective Date.

Option 2:

(Must be on or after the later of the date this Adoption Agreement is signed or the Effective Date_

NOTE: If no option is selected, Option 1 will apply:

NOTE: The Effective Date is usually the first

of the Plan Year in which this Adoption Agreement is signed and may not be earlier

than such date. Elective Deferrals, however; cannot be made available before the later of the date this Adoption Agreement is signed or

the date specified above for Elective Deferrals

Part B.

Existing Plan Amendment or Restatement Date

This is an amendment or restatement of an existing qualified plan.

The nitial Plan Document was effective on

01/01/2023

This Plan is a frozen Plan effective on

F this Plan is a frozen Plan, no Employer Contributions may be made to the Plan with respect to Compensation earned on or after

the Effective Date that the Plan is frozen. In addition, no additional contributions

rollover; transfer) may be accepted by the

Plan on or after the date that the Plan is frozen. Depending on the facts and circumstances surrounding the freezing of the Plan,

other Plan provisions may be affected (e.g, availability of loans)

02022 Charles Schwab &

Inc. All rights reserved.

Member SPC.

(0222-1X8S)

REG30724-05 (04/22)

City

day =

(e.g ,

Co.,`",what is tax end year?,12/31
"625]1

[esrrles

WfEE

Schwab Individual 401(k) Plan

Adoption Agreement

Page 3 of 7

WWW.schwab:com | 1-800-694-9449, option 3 (inside the U.S.) |+1-415-667-8400 (outside the U.S.)

1. Employer Information

Ask Plan LLC

Name of Adopting Employer

8000 marine drive_

Address

Melbourne city

NY

13300

State

Zip Code

900. 200.3322

12-5463452

Telephone

Adopting Employer's Federal Tax Hentification Number

12/31

Adopting Employer's Tax Year End (specify month and day)

Type of Business (select one):

Sole Proprietorship

Partnership

Corporation

S Corporation

LLC

Other (specify a legal entity recognized under federal income tax laws):

Ask Plan Individual 401klPlan

Name of Plan

001

22-6668745

12435267

Plan Sequence Number

Trust dentification Number (if applicable)

Account Number

Related Employers-If the Adopting Employer is part of a controlled group of corporations (as defined in Code section 414(b) as modified by Code

section 415(h)), a group of commonly controlled trades or businesses (as defined in Code section 414(c) as modified by Code section 415(h)), or an

affiliated service group (as defined in Code section 414(m)) of which the Adopting Employer is a part, or any other entity required to be aggregated

with the Adopting Employer pursuant to Code section 414(0), then all Related Employers of the Adopting Employer will participate in this Plan.

Part A.

New Plan Effective Date

This is the initial adoption of a 401(k) profit sharing plan by the Adopting Employer:

The Effective Date of this Plan is

(Must be no earlier than the first day of the Plan Year in which the Plan is adopted:)

If different from the Effective Date above, Elective Deferrals can be made under this Plan effective (select one):

Option 1:

The next payroll date coinciding with or following the later of the date this Adoption Agreement is signed or the

Effective Date.

Option 2:

(Must be on or after the later of the date this Adoption Agreement is signed or the Effective Date_

NOTE: If no option is selected, Option 1 will apply:

NOTE: The Effective Date is usually the first

of the Plan Year in which this Adoption Agreement is signed and may not be earlier

than such date. Elective Deferrals, however; cannot be made available before the later of the date this Adoption Agreement is signed or

the date specified above for Elective Deferrals

Part B.

Existing Plan Amendment or Restatement Date

This is an amendment or restatement of an existing qualified plan.

The nitial Plan Document was effective on

01/01/2023

This Plan is a frozen Plan effective on

F this Plan is a frozen Plan, no Employer Contributions may be made to the Plan with respect to Compensation earned on or after

the Effective Date that the Plan is frozen. In addition, no additional contributions

rollover; transfer) may be accepted by the

Plan on or after the date that the Plan is frozen. Depending on the facts and circumstances surrounding the freezing of the Plan,

other Plan provisions may be affected (e.g, availability of loans)

02022 Charles Schwab &

Inc. All rights reserved.

Member SPC.

(0222-1X8S)

REG30724-05 (04/22)

City

day =

(e.g ,

Co.,`",what is plan name?,Ask Plan Individual 401klPlan
"625]1

[esrrles

WfEE

Schwab Individual 401(k) Plan

Adoption Agreement

Page 3 of 7

WWW.schwab:com | 1-800-694-9449, option 3 (inside the U.S.) |+1-415-667-8400 (outside the U.S.)

1. Employer Information

Ask Plan LLC

Name of Adopting Employer

8000 marine drive_

Address

Melbourne city

NY

13300

State

Zip Code

900. 200.3322

12-5463452

Telephone

Adopting Employer's Federal Tax Hentification Number

12/31

Adopting Employer's Tax Year End (specify month and day)

Type of Business (select one):

Sole Proprietorship

Partnership

Corporation

S Corporation

LLC

Other (specify a legal entity recognized under federal income tax laws):

Ask Plan Individual 401klPlan

Name of Plan

001

22-6668745

12435267

Plan Sequence Number

Trust dentification Number (if applicable)

Account Number

Related Employers-If the Adopting Employer is part of a controlled group of corporations (as defined in Code section 414(b) as modified by Code

section 415(h)), a group of commonly controlled trades or businesses (as defined in Code section 414(c) as modified by Code section 415(h)), or an

affiliated service group (as defined in Code section 414(m)) of which the Adopting Employer is a part, or any other entity required to be aggregated

with the Adopting Employer pursuant to Code section 414(0), then all Related Employers of the Adopting Employer will participate in this Plan.

Part A.

New Plan Effective Date

This is the initial adoption of a 401(k) profit sharing plan by the Adopting Employer:

The Effective Date of this Plan is

(Must be no earlier than the first day of the Plan Year in which the Plan is adopted:)

If different from the Effective Date above, Elective Deferrals can be made under this Plan effective (select one):

Option 1:

The next payroll date coinciding with or following the later of the date this Adoption Agreement is signed or the

Effective Date.

Option 2:

(Must be on or after the later of the date this Adoption Agreement is signed or the Effective Date_

NOTE: If no option is selected, Option 1 will apply:

NOTE: The Effective Date is usually the first

of the Plan Year in which this Adoption Agreement is signed and may not be earlier

than such date. Elective Deferrals, however; cannot be made available before the later of the date this Adoption Agreement is signed or

the date specified above for Elective Deferrals

Part B.

Existing Plan Amendment or Restatement Date

This is an amendment or restatement of an existing qualified plan.

The nitial Plan Document was effective on

01/01/2023

This Plan is a frozen Plan effective on

F this Plan is a frozen Plan, no Employer Contributions may be made to the Plan with respect to Compensation earned on or after

the Effective Date that the Plan is frozen. In addition, no additional contributions

rollover; transfer) may be accepted by the

Plan on or after the date that the Plan is frozen. Depending on the facts and circumstances surrounding the freezing of the Plan,

other Plan provisions may be affected (e.g, availability of loans)

02022 Charles Schwab &

Inc. All rights reserved.

Member SPC.

(0222-1X8S)

REG30724-05 (04/22)

City

day =

(e.g ,

Co.,`",what is plan sequence number?,1
"625]1

[esrrles

WfEE

Schwab Individual 401(k) Plan

Adoption Agreement

Page 3 of 7

WWW.schwab:com | 1-800-694-9449, option 3 (inside the U.S.) |+1-415-667-8400 (outside the U.S.)

1. Employer Information

Ask Plan LLC

Name of Adopting Employer

8000 marine drive_

Address

Melbourne city

NY

13300

State

Zip Code

900. 200.3322

12-5463452

Telephone

Adopting Employer's Federal Tax Hentification Number

12/31

Adopting Employer's Tax Year End (specify month and day)

Type of Business (select one):

Sole Proprietorship

Partnership

Corporation

S Corporation

LLC

Other (specify a legal entity recognized under federal income tax laws):

Ask Plan Individual 401klPlan

Name of Plan

001

22-6668745

12435267

Plan Sequence Number

Trust dentification Number (if applicable)

Account Number

Related Employers-If the Adopting Employer is part of a controlled group of corporations (as defined in Code section 414(b) as modified by Code

section 415(h)), a group of commonly controlled trades or businesses (as defined in Code section 414(c) as modified by Code section 415(h)), or an

affiliated service group (as defined in Code section 414(m)) of which the Adopting Employer is a part, or any other entity required to be aggregated

with the Adopting Employer pursuant to Code section 414(0), then all Related Employers of the Adopting Employer will participate in this Plan.

Part A.

New Plan Effective Date

This is the initial adoption of a 401(k) profit sharing plan by the Adopting Employer:

The Effective Date of this Plan is

(Must be no earlier than the first day of the Plan Year in which the Plan is adopted:)

If different from the Effective Date above, Elective Deferrals can be made under this Plan effective (select one):

Option 1:

The next payroll date coinciding with or following the later of the date this Adoption Agreement is signed or the

Effective Date.

Option 2:

(Must be on or after the later of the date this Adoption Agreement is signed or the Effective Date_

NOTE: If no option is selected, Option 1 will apply:

NOTE: The Effective Date is usually the first

of the Plan Year in which this Adoption Agreement is signed and may not be earlier

than such date. Elective Deferrals, however; cannot be made available before the later of the date this Adoption Agreement is signed or

the date specified above for Elective Deferrals

Part B.

Existing Plan Amendment or Restatement Date

This is an amendment or restatement of an existing qualified plan.

The nitial Plan Document was effective on

01/01/2023

This Plan is a frozen Plan effective on

F this Plan is a frozen Plan, no Employer Contributions may be made to the Plan with respect to Compensation earned on or after

the Effective Date that the Plan is frozen. In addition, no additional contributions

rollover; transfer) may be accepted by the

Plan on or after the date that the Plan is frozen. Depending on the facts and circumstances surrounding the freezing of the Plan,

other Plan provisions may be affected (e.g, availability of loans)

02022 Charles Schwab &

Inc. All rights reserved.

Member SPC.

(0222-1X8S)

REG30724-05 (04/22)

City

day =

(e.g ,

Co.,`",what is trust id?,22-6668745
"625]1

[esrrles

WfEE

Schwab Individual 401(k) Plan

Adoption Agreement

Page 3 of 7

WWW.schwab:com | 1-800-694-9449, option 3 (inside the U.S.) |+1-415-667-8400 (outside the U.S.)

1. Employer Information

Ask Plan LLC

Name of Adopting Employer

8000 marine drive_

Address

Melbourne city

NY

13300

State

Zip Code

900. 200.3322

12-5463452

Telephone

Adopting Employer's Federal Tax Hentification Number

12/31

Adopting Employer's Tax Year End (specify month and day)

Type of Business (select one):

Sole Proprietorship

Partnership

Corporation

S Corporation

LLC

Other (specify a legal entity recognized under federal income tax laws):

Ask Plan Individual 401klPlan

Name of Plan

001

22-6668745

12435267

Plan Sequence Number

Trust dentification Number (if applicable)

Account Number

Related Employers-If the Adopting Employer is part of a controlled group of corporations (as defined in Code section 414(b) as modified by Code

section 415(h)), a group of commonly controlled trades or businesses (as defined in Code section 414(c) as modified by Code section 415(h)), or an

affiliated service group (as defined in Code section 414(m)) of which the Adopting Employer is a part, or any other entity required to be aggregated

with the Adopting Employer pursuant to Code section 414(0), then all Related Employers of the Adopting Employer will participate in this Plan.

Part A.

New Plan Effective Date

This is the initial adoption of a 401(k) profit sharing plan by the Adopting Employer:

The Effective Date of this Plan is

(Must be no earlier than the first day of the Plan Year in which the Plan is adopted:)

If different from the Effective Date above, Elective Deferrals can be made under this Plan effective (select one):

Option 1:

The next payroll date coinciding with or following the later of the date this Adoption Agreement is signed or the

Effective Date.

Option 2:

(Must be on or after the later of the date this Adoption Agreement is signed or the Effective Date_

NOTE: If no option is selected, Option 1 will apply:

NOTE: The Effective Date is usually the first

of the Plan Year in which this Adoption Agreement is signed and may not be earlier

than such date. Elective Deferrals, however; cannot be made available before the later of the date this Adoption Agreement is signed or

the date specified above for Elective Deferrals

Part B.

Existing Plan Amendment or Restatement Date

This is an amendment or restatement of an existing qualified plan.

The nitial Plan Document was effective on

01/01/2023

This Plan is a frozen Plan effective on

F this Plan is a frozen Plan, no Employer Contributions may be made to the Plan with respect to Compensation earned on or after

the Effective Date that the Plan is frozen. In addition, no additional contributions

rollover; transfer) may be accepted by the

Plan on or after the date that the Plan is frozen. Depending on the facts and circumstances surrounding the freezing of the Plan,

other Plan provisions may be affected (e.g, availability of loans)

02022 Charles Schwab &

Inc. All rights reserved.

Member SPC.

(0222-1X8S)

REG30724-05 (04/22)

City

day =

(e.g ,

Co.,`",what is account number?,12435267